{"cameraMode":{"drawMode":0,"name":"Shaded","section":"Shading Mode"},"sceneLighting":false,"audioPlay":false,"sceneViewState":{"showFog":true,"showMaterialUpdate":false,"showSkybox":false,"showFlares":true,"showImageEffects":true,"showParticleSystems":true},"in2DMode":false,"pivot":{"x":-61.78922653198242,"y":33.291648864746097,"z":-0.20000001788139344},"rotation":{"x":-0.17771899700164796,"y":0.03895532712340355,"z":-0.0070408182218670849,"w":-0.983285129070282},"size":1.0485204458236695,"orthographic":false}